School ID,School name,Sector,Grade band,"School Ward, 2016-17",Opening or closing schools,"Racial and ethnic diversity score, 2014-15","Racial and ethnic diversity score, 2016-17","Most racially and ethnically diverse, 2016-17","Economic diversity score, 2014-15","Economic diversity score, 2016-17","Most economically diverse, 2016-17","Percent African American, 2014-15","Percent Latino, 2014-15","Percent white, 2014-15","Percent other, 2014-15","Plurality race or ethnicity, 2014-15","Percent African American, 2016-17","Percent Latino, 2016-17","Percent white, 2016-17","Percent other, 2016-17","Plurality race or ethnicity, 2016-17","Percent at-risk, 2014-15","Percent not at-risk, 2014-15","Plurality economic group, 2014-15","Percent at-risk, 2016-17","Percent not at-risk, 2016-17","Plurality economic group, 2016-17","Boundary participation rate, 2016-17","Enrollment in PK-12, 2014-15","School address, 2016-17","Latitude, 2016-17","Longitude, 2016-17","Enrollment in PK-12, 2016-17","Students living in Ward 1, 2016-17","Students living in Ward 2, 2016-17","Students living in Ward 3, 2016-17","Students living in Ward 4, 2016-17","Students living in Ward 5, 2016-17","Students living in Ward 6, 2016-17","Students living in Ward 7, 2016-17","Students living in Ward 8, 2016-17","Ward unknown, 2016-17","Percent living in Ward of school, 2016-17","Distance in miles to metro stop, 2016-17","Change in race and ethnicity plurality group, 2014-15 to 2016-17","Change in economic plurality group, 2014-15 to 2016-17","Percentage point change in at-risk students, 2014-15 to 2016-17","Percentage point change, African American (2014-15 to 2016-17)","Percentage point change, Latino (2014-15 to 2016-17)","Percentage point change, white (2014-15 to 2016-17)",Percentage point difference in racial and ethnic diversity score over time (2014-15 to 2016-17),Percentage point difference in economic diversity score over time (2014-15 to 2016-17)
217,Achievement Preparatory Academy PCS Wahler Place Elementary School,Charter,Elementary,Ward 8,Open in both years,0%,3%,0,49%,45%,1,1,0,,0,African American,0.97,0.02,0.01,0,African American,0.49,0.51,Not at-risk,0.55,0.45,At-risk,,267,908 Wahler Place SE,39,-77,464,3,1,0,3,16,13,73,353,2,0.76,0.76,0,1,0.06,-0.03,0.02,,0.03,-0.04
1100,Achievement Preparatory Academy PCS Wahler Place Middle School,Charter,Middle,Ward 8,Open in both years,1%,3%,0,50%,49%,1,0.99,0,,0,African American,0.97,0.03,,0,African American,0.5,0.5,At-risk,0.51,0.49,At-risk,,381,908 Wahler Place SE,39,-77,468,3,0,0,3,8,17,76,357,4,0.76,0.76,0,0,0,-0.02,0.03,,0.02,0
202,Aiton ES,DCPS,Elementary,Ward 7,Open in both years,0%,0%,0,18%,21%,0,1,,0,0,African American,1,0,,0,African American,0.82,0.18,At-risk,0.79,0.21,At-risk,0.18,262,533 48TH PLACE NE,39,-77,251,0,0,0,1,2,3,225,12,8,0.9,0.5,0,0,-0.02,0,,,0,0.02
203,Amidon Bowen ES,DCPS,Elementary/Middle,Ward 6,Open in both years,12%,12%,0,26%,31%,0,0.88,0.05,0.03,0.03,African American,0.88,0.04,0.05,0.04,African American,0.74,0.26,At-risk,0.69,0.31,At-risk,0.36,345,401 I STREET SW,39,-77,350,1,0,0,0,14,263,16,55,1,0.75,0.18,0,0,-0.05,0,-0.01,0.02,0,0.05
450,Anacostia HS,DCPS,High,Ward 8,Open in both years,0%,1%,0,11%,17%,0,1,,0,0,African American,0.99,0.01,,0,African American,0.89,0.11,At-risk,0.83,0.17,At-risk,0.12,661,1601 16TH STREET SE,39,-77,449,1,0,0,2,12,10,128,286,10,0.64,0.75,0,0,-0.05,-0.01,,,0.01,0.05
140,AppleTree Early Learning Center PCS Columbia Heights,Charter,Early Childhood,Ward 1,Open in both years,31%,49%,1,36%,33%,0,0.69,0.08,0.21,0.02,African American,0.51,0.31,0.16,0.01,African American,0.36,0.64,Not at-risk,0.33,0.67,Not at-risk,,163,2750 14th Street NW,39,-77,160,78,5,19,34,13,3,5,3,0,0.49,0.23,0,0,-0.02,-0.18,0.23,-0.05,0.18,-0.02
3073,AppleTree Early Learning Center PCS Lincoln Park,Charter,Early Childhood,Ward 6,Open in both years,53%,50%,1,8%,,0,0.47,0.03,0.43,0.07,African American,0.3,0.07,0.5,0.13,White,0.08,0.92,Not at-risk,,,.,,60,138 12th Street NE,39,-77,60,0,0,2,0,6,42,6,4,0,0.7,0.58,1,,,-0.17,0.04,0.07,-0.03,
1137,AppleTree Early Learning Center PCS Oklahoma Avenue,Charter,Early Childhood,Ward 7,Open in both years,2%,5%,0,50%,47%,1,0.98,,0.01,0,African American,0.96,0.03,0.01,0.01,African American,0.5,0.5,Not at-risk,0.53,0.47,At-risk,,161,330 21st Street NE,39,-77,134,1,0,1,1,27,23,63,18,0,0.47,0.44,0,1,0.03,-0.03,,0,0.03,-0.03
3072,AppleTree Early Learning Center PCS Southeast,Charter,Early Childhood,Ward 8,Open in both years,1%,2%,0,28%,31%,0,0.99,,0,0,African American,0.98,0.02,,0,African American,0.72,0.28,At-risk,0.69,0.31,At-risk,,178,2011 Savannah Street SE,39,-77,169,4,0,0,2,4,4,24,130,1,0.77,0.49,0,0,-0.03,-0.01,,,0.01,0.03
141,AppleTree Early Learning Center PCS Southwest,Charter,Early Childhood,Ward 6,Open in both years,13%,16%,0,48%,48%,1,0.87,0.01,0.08,0.03,African American,0.84,0.11,0.04,0.01,African American,0.48,0.52,Not at-risk,0.48,0.52,Not at-risk,,86,801 7th Street SW,39,-77,108,3,1,1,2,6,40,28,27,0,0.37,0.32,0,0,0,-0.03,0.1,-0.04,0.03,0
452,Ballou HS,DCPS,High,Ward 8,Open in both years,3%,2%,0,15%,22%,0,0.97,0.02,,0,African American,0.98,0.02,,0,African American,0.85,0.15,At-risk,0.78,0.22,At-risk,0.27,755,3401 4TH STREET SE,39,-77,930,2,0,0,3,13,18,56,827,11,0.89,0.81,0,0,-0.07,0.01,0,,-0.01,0.07
204,Bancroft ES at Sharpe,DCPS,Elementary,Ward 1,Open in both years,26%,31%,0,36%,35%,0,0.08,0.74,0.11,0.05,Latino,0.08,0.69,0.16,0.07,Latino,0.36,0.64,Not at-risk,0.35,0.65,Not at-risk,0.5,508,1755 NEWTON STREET NW,39,-77,530,407,0,4,81,22,2,5,1,8,0.77,0.57,0,0,-0.01,0,-0.05,0.05,0.05,-0.01
205,Barnard ES,DCPS,Elementary,Ward 4,Open in both years,49%,51%,1,47%,47%,1,0.51,0.46,0.01,0.01,African American,0.47,0.49,0.02,0.02,Latino,0.47,0.53,Not at-risk,0.47,0.53,Not at-risk,0.33,602,430 DECATUR STREET NW,39,-77,649,28,1,0,488,108,3,7,9,5,0.75,0.85,1,0,-0.01,-0.04,0.03,0.01,0.02,-0.01
3068,BASIS DC PCS,Charter,Middle/High,Ward 2,Open in both years,58%,61%,1,9%,8%,0,0.42,0.07,0.4,0.11,African American,0.36,0.09,0.39,0.17,White,0.09,0.91,Not at-risk,0.08,0.92,Not at-risk,,551,410 8th Street NW,39,-77,597,39,45,75,49,60,228,62,38,1,0.08,0.1,1,0,-0.01,-0.06,0.01,-0.01,0.03,-0.01
206,Beers ES,DCPS,Elementary,Ward 7,Open in both years,1%,2%,0,45%,44%,0,0.99,0,,0,African American,0.98,0,0.01,0,African American,0.55,0.45,At-risk,0.56,0.44,At-risk,0.29,438,3600 ALABAMA AVENUE SE,39,-77,464,2,0,0,5,14,6,291,141,5,0.63,0.92,0,0,0.01,-0.01,0,,0.01,-0.01
402,Benjamin Banneker HS,DCPS,High,Ward 1,Open in both years,19%,25%,0,25%,21%,0,0.81,0.14,,0.04,African American,0.75,0.19,0.01,0.05,African American,0.25,0.75,Not at-risk,0.21,0.79,Not at-risk,,449,800 EUCLID STREET NW,39,-77,481,53,6,3,143,91,42,74,66,3,0.11,0.5,0,0,-0.04,-0.06,0.04,,0.06,-0.04
291,Boone ES,DCPS,Elementary,Ward 8,Open in both years,3%,2%,0,23%,25%,0,0.97,0.02,0,0,African American,0.98,0.02,,0.01,African American,0.77,0.23,At-risk,0.75,0.25,At-risk,0.34,384,2200 MINNESOTA AVENUE SE,39,-77,408,4,0,1,5,14,10,99,269,6,0.66,0.85,0,0,-0.02,0.01,0,,-0.01,0.02
289,Breakthrough Montessori PCS,Charter,Early Childhood,Ward 4,Opened by 2016-17,,58%,1,,,0,,,,,,0.38,0.1,0.42,0.1,White,,,,,,.,,,1244 Taylor Street NW,39,-77,81,17,2,5,33,8,3,6,5,2,0.41,0.31,,,,,,,,
212,Brent ES,DCPS,Elementary,Ward 6,Open in both years,36%,34%,0,6%,6%,0,0.21,0.07,0.64,0.08,White,0.17,0.07,0.66,0.1,White,0.06,0.94,Not at-risk,0.06,0.94,Not at-risk,0.75,368,301 NORTH CAROLINA AVENUE SE,39,-77,404,4,0,2,2,9,332,19,31,5,0.82,0.26,0,0,0,-0.04,0,0.02,-0.02,0
142,Bridges PCS,Charter,Elementary,Ward 5,Open in both years,60%,48%,1,34%,32%,0,0.4,0.34,0.21,0.05,African American,0.52,0.26,0.18,0.04,African American,0.34,0.66,Not at-risk,0.32,0.68,Not at-risk,,272,100 Gallatin Street NE,39,-77,328,60,0,2,144,76,16,10,20,0,0.23,0.27,0,0,-0.02,0.12,-0.08,-0.03,-0.12,-0.02
213,Brightwood EC,DCPS,Elementary/Middle,Ward 4,Open in both years,28%,25%,0,47%,46%,1,0.26,0.72,0.01,0,Latino,0.23,0.75,0.01,0.02,Latino,0.47,0.53,Not at-risk,0.46,0.54,Not at-risk,0.33,639,1300 NICHOLSON STREET NW,38.96,-77.03,755,11,0,0,706,24,7,5,0,2,0.94,1.23,0,0,-0.01,-0.03,0.03,0,-0.03,-0.01
346,Brookland EC at Bunker Hill,DCPS,Elementary/Middle,,Closed after 2014-15,13%,,0,48%,,,0.87,0.1,,0.02,African American,,,,,,0.48,0.52,Not at-risk,,,,,,,,,,,,,,,,,,,,,,,,,,,,
347,Brookland MS,DCPS,Middle,Ward 5,Opened by 2016-17,,9%,0,,50%,1,,,,,,0.91,0.07,0.02,0,African American,,,,0.5,0.5,At-risk,0.21,,1150 MICHIGAN AVENUE NE,38.94,-76.99,254,5,0,0,6,200,5,21,14,3,0.79,0.39,,,,,,,,
404,Browne EC,DCPS,Elementary/Middle,Ward 5,Open in both years,4%,6%,0,32%,31%,0,0.96,0.03,,0,African American,0.95,0.04,0.01,0.01,African American,0.68,0.32,At-risk,0.69,0.31,At-risk,0.19,353,850 26TH STREET NE,38.9,-76.97,309,0,0,0,2,201,20,68,15,3,0.65,1.05,0,0,0.01,-0.01,0.01,,0.01,-0.01
296,Bruce Monroe ES at Park View,DCPS,Elementary,Ward 1,Open in both years,22%,23%,0,49%,44%,0,0.19,0.78,0.02,0,Latino,0.16,0.77,0.05,0.02,Latino,0.51,0.49,At-risk,0.44,0.56,Not at-risk,0.27,465,3560 WARDER STREET NW,38.93,-77.02,473,260,0,2,119,72,2,14,3,1,0.55,0.24,0,1,-0.07,-0.03,-0.01,0.03,0.01,-0.05
219,Bunker Hill ES,DCPS,Elementary,Ward 5,Opened by 2016-17,,21%,0,,46%,1,,,,,,0.79,0.18,0.01,0.02,African American,,,,0.46,0.54,Not at-risk,0.12,,1401 MICHIGAN AVENUE NE,38.94,-76.98,195,4,0,1,7,169,2,9,3,0,0.87,0.77,,,,,,,,
220,Burroughs ES,DCPS,Elementary,Ward 5,Open in both years,10%,12%,0,47%,42%,0,0.9,0.09,,0,African American,0.88,0.09,0.02,0.01,African American,0.53,0.47,At-risk,0.42,0.58,Not at-risk,0.24,297,1820 MONROE STREET NE,38.93,-76.98,290,6,1,0,7,226,4,29,10,7,0.78,0.86,0,1,-0.1,-0.02,0,,0.02,-0.05
221,Burrville ES,DCPS,Elementary,Ward 7,Open in both years,0%,2%,0,32%,32%,0,1,0,0,0,African American,0.98,0.01,,0.01,African American,0.68,0.32,At-risk,0.68,0.32,At-risk,0.25,360,801 DIVISION AVENUE NE,38.9,-76.92,325,1,1,0,2,4,1,297,13,6,0.91,0.77,0,0,0,-0.03,0.01,,0.02,0
247,C WHarris ES,DCPS,Elementary/Middle,Ward 7,Open in both years,1%,1%,0,21%,26%,0,0.99,,,0,African American,0.99,0.01,0,0,African American,0.79,0.21,At-risk,0.74,0.26,At-risk,0.19,291,301 53RD STREET SE,38.88,-76.93,285,0,0,0,2,3,6,253,18,3,0.89,0.77,0,0,-0.05,0,,,0,0.05
1207,Capital City PCS High School,Charter,High,Ward 4,Open in both years,40%,45%,1,45%,43%,0,0.35,0.6,,0.05,Latino,0.39,0.55,0.01,0.05,Latino,0.45,0.55,Not at-risk,0.43,0.57,Not at-risk,,329,100 Peabody Street NW,38.96,-77.01,333,61,3,1,156,72,9,13,18,0,0.47,0.86,0,0,-0.02,0.04,-0.05,,0.05,-0.02
184,Capital City PCS Lower School,Charter,Elementary,Ward 4,Open in both years,61%,53%,1,22%,28%,0,0.34,0.39,0.18,0.09,Latino,0.33,0.47,0.12,0.08,Latino,0.22,0.78,Not at-risk,0.28,0.72,Not at-risk,,322,100 Peabody Street NW,38.96,-77.01,325,47,0,0,185,72,1,10,10,0,0.57,0.86,0,0,0.06,-0.01,0.08,-0.06,-0.08,0.06
182,Capital City PCS Middle School,Charter,Middle,Ward 4,Open in both years,57%,51%,1,35%,30%,0,0.43,0.43,0.07,0.07,Latino,0.38,0.49,0.08,0.05,Latino,0.35,0.65,Not at-risk,0.3,0.7,Not at-risk,,320,100 Peabody Street NW,38.96,-77.01,325,44,2,3,173,76,6,6,15,0,0.53,0.86,0,0,-0.05,-0.05,0.06,0.01,-0.06,-0.05
360,Capitol Hill Montessori School at Logan,DCPS,Elementary/Middle,Ward 6,Open in both years,46%,40%,1,8%,14%,0,0.54,0.03,0.35,0.08,African American,0.6,0.03,0.3,0.06,African American,0.08,0.92,Not at-risk,0.14,0.86,Not at-risk,,310,215 G STREET NE,38.9,-77,361,8,2,2,9,57,142,88,49,4,0.39,0.25,0,0,0.06,0.06,0,-0.05,-0.06,0.06
454,Cardozo EC,DCPS,Middle/High,Ward 1,Open in both years,47%,44%,1,27%,30%,0,0.53,0.43,0.03,0,African American,0.42,0.56,0.01,0.02,Latino,0.73,0.27,At-risk,0.7,0.3,At-risk,0.19,781,1200 CLIFTON STREET NW,38.92,-77.03,796,298,67,3,128,106,68,61,54,11,0.37,0.37,1,0,-0.04,-0.11,0.13,-0.02,-0.03,0.04
188,Cedar Tree Academy PCS,Charter,Early Childhood,Ward 8,Open in both years,0%,1%,0,27%,29%,0,1,,0,0,African American,0.99,0.01,0,0,African American,0.73,0.27,At-risk,0.71,0.29,At-risk,,358,701 Howard Road SE,38.86,-77,385,6,0,1,4,17,19,70,266,2,0.69,0.17,0,0,-0.02,-0.01,,0,0.01,0.02
1103,Center City PCS Brightwood,Charter,Elementary/Middle,Ward 4,Open in both years,51%,50%,1,32%,39%,0,0.39,0.49,0.03,0.08,Latino,0.5,0.48,0,0.01,African American,0.32,0.68,Not at-risk,0.39,0.61,Not at-risk,,248,6008 Georgia Avenue NW,38.96,-77.03,276,10,2,0,246,15,0,0,3,0,0.89,1.01,1,0,0.07,0.11,-0.01,-0.03,-0.01,0.07
1104,Center City PCS Capitol Hill,Charter,Elementary/Middle,Ward 6,Open in both years,2%,7%,0,47%,50%,1,0.98,,,0,African American,0.93,0.02,0,0.05,African American,0.47,0.53,Not at-risk,0.5,0.5,At-risk,,239,1503 East Capitol Street SE,38.89,-76.98,238,3,0,0,5,18,45,86,81,0,0.19,0.35,0,1,0.04,-0.05,,,0.05,0.03
1105,Center City PCS Congress Heights,Charter,Elementary/Middle,Ward 8,Open in both years,0%,3%,0,33%,46%,1,1,0,0,0,African American,0.97,0,0.02,0,African American,0.67,0.33,At-risk,0.54,0.46,At-risk,,257,220 Highview Place SE,38.84,-77,253,1,0,0,0,2,6,21,221,2,0.87,0.93,0,0,-0.13,-0.03,0,0.02,0.03,0.13
1106,Center City PCS Petworth,Charter,Elementary/Middle,Ward 4,Open in both years,47%,51%,1,37%,35%,0,0.44,0.53,,0.02,Latino,0.43,0.49,0.02,0.07,Latino,0.37,0.63,Not at-risk,0.35,0.65,Not at-risk,,262,510 Webster Street NW,38.94,-77.02,257,31,1,0,141,54,7,9,14,0,0.55,0.5,0,0,-0.02,-0.01,-0.04,,0.04,-0.02
1107,Center City PCS Shaw,Charter,Elementary/Middle,Ward 6,Open in both years,33%,43%,1,47%,49%,1,0.67,0.24,0,0.09,African American,0.57,0.37,0,0.05,African American,0.47,0.53,Not at-risk,0.51,0.49,At-risk,,241,711 N Street NW,38.91,-77.02,234,20,50,0,12,23,83,23,23,0,0.35,0.11,0,1,0.04,-0.1,0.13,0,0.1,0.02
1108,Center City PCS Trinidad,Charter,Elementary/Middle,Ward 5,Open in both years,2%,10%,0,44%,36%,0,0.98,0.02,0,0,African American,0.9,0.07,,0.04,African American,0.56,0.44,At-risk,0.64,0.36,At-risk,,236,1217 West Virginia Avenue NE,38.91,-76.99,184,0,0,0,1,94,20,58,11,0,0.51,0.67,0,0,0.08,-0.08,0.05,,0.08,-0.08
153,Cesar Chavez PCS for Public Policy Capitol Hill,Charter,High,Ward 6,Open in both years,19%,13%,0,37%,36%,0,0.81,0.19,0,0,African American,0.87,0.13,,0,African American,0.63,0.37,At-risk,0.64,0.36,At-risk,,358,709 12th Street SE,38.88,-76.99,332,24,4,0,15,51,48,96,94,0,0.14,0.29,0,0,0.01,0.06,-0.06,,-0.06,-0.01
127,Cesar Chavez PCS for Public Policy Chavez Prep,Charter,Middle/High,Ward 1,Open in both years,28%,23%,0,49%,49%,1,0.26,0.72,,0.02,Latino,0.21,0.77,0,0.02,Latino,0.51,0.49,At-risk,0.51,0.49,At-risk,,331,770 Kenyon Street NW,38.93,-77.03,306,161,19,0,57,38,9,13,8,1,0.53,0.36,0,0,0,-0.05,0.05,,-0.05,0
109,Cesar Chavez PCS for Public Policy Parkside High School,Charter,High,Ward 7,Open in both years,9%,7%,0,36%,37%,0,0.91,0.08,,0,African American,0.93,0.06,,0.01,African American,0.64,0.36,At-risk,0.63,0.37,At-risk,,356,3701 Hayes Street NE,38.9,-76.95,359,2,0,0,3,28,12,243,68,3,0.68,0.18,0,0,-0.01,0.02,-0.02,,-0.02,0.01
102,Cesar Chavez PCS for Public Policy Parkside Middle School,Charter,Middle,Ward 7,Open in both years,4%,5%,0,33%,28%,0,0.96,0.04,0,0,African American,0.95,0.05,,0,African American,0.67,0.33,At-risk,0.72,0.28,At-risk,,303,3701 Hayes Street NE,38.9,-76.95,278,1,0,0,0,9,11,217,39,1,0.78,0.18,0,0,0.04,-0.01,0.01,,0.01,-0.04
210,City Arts & Prep PCS,Charter,Elementary/Middle,Ward 5,Open in both years,5%,4%,0,49%,45%,1,0.95,0,0.04,0,African American,0.96,0.03,0.01,0,African American,0.51,0.49,At-risk,0.55,0.45,At-risk,,439,705 Edgewood Street NE,38.92,-77,522,22,2,0,65,156,39,118,120,0,0.3,0.22,0,0,0.04,0.01,0.03,-0.03,-0.01,-0.04
224,Cleveland ES,DCPS,Elementary,Ward 1,Open in both years,34%,40%,1,44%,45%,1,0.66,0.29,0.03,0.02,African American,0.6,0.32,0.04,0.03,African American,0.44,0.56,Not at-risk,0.45,0.55,Not at-risk,0.31,308,1825 8TH STREET NW,38.92,-77.02,321,74,10,0,28,63,113,20,11,2,0.23,0.07,0,0,0,-0.06,0.03,0.01,0.06,0
442,Columbia Heights EC,DCPS,Middle/High,Ward 1,Open in both years,35%,33%,0,46%,50%,1,0.32,0.65,,0.02,Latino,0.31,0.67,0,0.02,Latino,0.54,0.46,At-risk,0.5,0.5,Not at-risk,0.19,1384,3101 16TH STREET NW,38.93,-77.04,1336,468,44,1,440,159,54,80,78,12,0.35,0.17,0,1,-0.04,-0.01,0.02,,-0.02,0.03
105,Community Academy Amos I,Charter,Elementary,,Closed after 2014-15,,,0,44%,,,,,,,,,,,,,0.44,0.56,Not at-risk,,,,,,,,,,,,,,,,,,,,,,,,,,,,
158,Community Academy Amos II,Charter,Elementary,,Closed after 2014-15,,,0,41%,,,,,,,,,,,,,0.59,0.41,At-risk,,,,,,,,,,,,,,,,,,,,,,,,,,,,
106,Community Academy Butler Global,Charter,Elementary,,Closed after 2014-15,,,0,48%,,,,,,,,,,,,,0.52,0.48,At-risk,,,,,,,,,,,,,,,,,,,,,,,,,,,,
108,Community Academy CAPCS Online,Charter,Elementary/Middle,,Closed after 2014-15,,,0,35%,,,,,,,,,,,,,0.35,0.65,Not at-risk,,,,,,,,,,,,,,,,,,,,,,,,,,,,
455,Coolidge HS,DCPS,High,Ward 4,Open in both years,18%,25%,0,24%,34%,0,0.82,0.17,,0,African American,0.75,0.25,0,0,African American,0.76,0.24,At-risk,0.66,0.34,At-risk,0.16,395,6315 5TH STREET NW,38.97,-77.02,346,10,1,0,215,77,7,14,20,2,0.62,0.55,0,0,-0.11,-0.07,0.08,,0.07,0.11
3069,Creative Minds International PCS,Charter,Elementary/Middle,Ward 5,Open in both years,55%,57%,1,12%,9%,0,0.33,0.14,0.45,0.08,White,0.27,0.17,0.43,0.13,White,0.12,0.88,Not at-risk,0.09,0.91,Not at-risk,,181,3700 North Capitol Street NW,38.94,-77.01,341,93,4,14,129,62,17,13,9,0,0.18,0.67,0,0,-0.03,-0.06,0.03,-0.02,0.02,-0.03
199,DC Bilingual PCS,Charter,Elementary,Ward 5,Open in both years,19%,28%,0,36%,37%,0,0.1,0.81,0.08,0,Latino,0.18,0.72,0.07,0.03,Latino,0.36,0.64,Not at-risk,0.37,0.63,Not at-risk,,364,33 Riggs Road NE,38.95,-77.01,410,96,4,7,137,115,10,24,5,12,0.28,0.27,0,0,0.01,0.08,-0.09,-0.01,0.09,0.01
276,DC Preparatory Academy PCS Anacostia Elementary School,Charter,Early Childhood,Ward 8,Opened by 2016-17,,9%,0,,40%,0,,,,,,0.91,0.04,,0.05,African American,,,,0.6,0.4,At-risk,,,1102 W Street SE,38.87,-76.99,203,2,0,0,2,5,7,41,146,0,0.72,0.29,,,,,,,,
1110,DC Preparatory Academy PCS Benning Elementary School,Charter,Elementary,Ward 7,Open in both years,5%,5%,0,48%,44%,1,0.95,0.02,0,0.02,African American,0.95,0.03,,0.02,African American,0.52,0.48,At-risk,0.56,0.44,At-risk,,442,100 41st Street NE,38.89,-76.94,449,2,0,0,7,30,9,330,71,0,0.73,0.4,0,0,0.03,0,0.01,,0,-0.03
218,DC Preparatory Academy PCS Benning Middle School,Charter,Middle,Ward 7,Open in both years,9%,6%,0,44%,45%,1,0.91,0.04,0,0.04,African American,0.94,0.03,,0.03,African American,0.44,0.56,Not at-risk,0.45,0.55,Not at-risk,,152,100 41st Street NE,38.89,-76.94,281,2,0,0,4,16,10,202,46,1,0.72,0.4,0,0,0.01,0.03,-0.01,,-0.03,0.01
130,DC Preparatory Academy PCS Edgewood Elementary School,Charter,Elementary,Ward 5,Open in both years,15%,17%,0,46%,41%,0,0.85,0.09,,0.05,African American,0.83,0.09,0.01,0.06,African American,0.46,0.54,Not at-risk,0.41,0.59,Not at-risk,,432,707 Edgewood Street NE,38.92,-77,447,24,1,1,43,226,31,67,54,0,0.51,0.26,0,0,-0.05,-0.02,0,,0.02,-0.05
196,DC Preparatory Academy PCS Edgewood Middle School,Charter,Middle,Ward 5,Open in both years,9%,11%,0,34%,34%,0,0.91,0.04,0,0.04,African American,0.89,0.05,,0.06,African American,0.34,0.66,Not at-risk,0.34,0.66,Not at-risk,,294,701 Edgewood Street NE,38.92,-77,330,18,0,1,29,162,19,48,53,0,0.49,0.29,0,0,0,-0.02,0.01,,0.02,0
3070,DC Scholars PCS,Charter,Elementary/Middle,Ward 7,Open in both years,0%,1%,0,35%,44%,0,1,,0,0,African American,0.99,0.01,,0,African American,0.65,0.35,At-risk,0.56,0.44,At-risk,,389,5601 East Capitol Street SE,38.89,-76.92,505,8,0,0,1,28,10,398,60,0,0.79,0.46,0,0,-0.09,-0.01,,,0.01,0.09
405,Deal MS,DCPS,Middle,Ward 3,Open in both years,55%,53%,1,8%,6%,0,0.31,0.13,0.45,0.11,White,0.29,0.14,0.47,0.11,White,0.08,0.92,Not at-risk,0.06,0.94,Not at-risk,0.81,1312,3815 FORT DRIVE NW,38.95,-77.08,1476,146,4,612,554,68,13,41,26,12,0.41,0.4,0,0,-0.02,-0.02,0.01,0.02,-0.02,-0.02
234,Democracy Prep Congress Heights PCS,Charter,Elementary/Middle,Ward 8,Open in both years,2%,3%,0,30%,26%,0,0.98,0.02,0,0,African American,0.97,0.03,,0,African American,0.7,0.3,At-risk,0.74,0.26,At-risk,,620,3100 Martin Luther King Jr Avenue SE,38.84,-77,656,5,0,0,0,12,11,47,569,12,0.87,0.57,0,0,0.03,-0.01,0.01,,0.01,-0.03
248,District of Columbia International School,Charter,Middle/High,Ward 1,Open in both years,58%,60%,1,21%,18%,0,0.33,0.42,0.13,0.12,Latino,0.35,0.4,0.15,0.1,Latino,0.21,0.79,Not at-risk,0.18,0.82,Not at-risk,,210,3220 16th Street NW,38.93,-77.04,520,117,7,9,157,130,34,51,15,0,0.22,0.26,0,0,-0.02,0.02,-0.02,0.02,0.02,-0.02
349,Dorothy I Height ES,DCPS,Elementary,Ward 4,Opened by 2016-17,,37%,0,,38%,0,,,,,,0.63,0.35,0.01,0.01,African American,,,,0.38,0.62,Not at-risk,,,1300 ALLISON STREET NW,38.94,-77.03,518,86,4,3,301,56,11,29,25,3,0.58,0.61,,,,,,,,
231,Drew ES,DCPS,Elementary,Ward 7,Open in both years,1%,2%,0,17%,27%,0,0.99,,0,0,African American,0.98,0.02,,0,African American,0.83,0.17,At-risk,0.73,0.27,At-risk,0.25,201,5600 EADS STREET NE,38.9,-76.92,253,1,0,0,0,6,1,222,13,10,0.88,0.59,0,0,-0.09,-0.01,,,0.01,0.09
471,Duke Ellington School of the Arts,DCPS,High,Ward 1,Open in both years,24%,23%,0,33%,27%,0,0.76,0.11,0.08,0.05,African American,0.77,0.11,0.06,0.06,African American,0.33,0.67,Not at-risk,0.27,0.73,Not at-risk,,523,3500 R STREET NW,38.91,-77.07,502,40,10,20,87,90,56,114,63,22,0.08,1.21,0,0,-0.06,0.01,0,-0.02,-0.01,-0.06
467,Dunbar HS,DCPS,Middle/High,Ward 5,Open in both years,3%,5%,0,26%,33%,0,0.97,0.02,0,0,African American,0.95,0.05,0.01,0,African American,0.74,0.26,At-risk,0.67,0.33,At-risk,0.15,653,101 N ST NW,38.91,-77.01,584,12,13,0,13,281,132,64,66,3,0.48,0.5,0,0,-0.07,-0.02,0.03,0,0.02,0.07
1125,Eagle Academy PCS Capitol Riverfront,Charter,Elementary,Ward 6,Open in both years,7%,7%,0,46%,47%,1,0.93,0.03,0.03,0,African American,0.93,0.03,0.04,0,African American,0.54,0.46,At-risk,0.53,0.47,At-risk,,146,1017 New Jersey Avenue SE,38.88,-77.01,144,4,1,0,1,6,53,29,50,0,0.37,0.09,0,0,-0.01,0,0,0.01,0,0.01
195,Eagle Academy PCS Congress Heights,Charter,Elementary,Ward 8,Open in both years,2%,0%,0,40%,34%,0,0.98,,,0,African American,1,0,0,0,African American,0.6,0.4,At-risk,0.66,0.34,At-risk,,774,3400 Wheeler Road SE,38.84,-76.99,734,2,0,0,13,28,22,76,587,6,0.8,0.42,0,0,0.06,0.01,,,-0.01,-0.06
138,Early Childhood Academy PCS,Charter,Elementary,Ward 8,Open in both years,1%,2%,0,36%,29%,0,0.99,,0,0,African American,0.98,0.02,,0,African American,0.64,0.36,At-risk,0.71,0.29,At-risk,,259,4301 9th Street SE,38.83,-76.99,229,1,2,0,5,7,6,17,187,4,0.82,0.93,0,0,0.07,-0.01,,,0.01,-0.07
457,Eastern HS,DCPS,High,Ward 6,Open in both years,2%,3%,0,30%,37%,0,0.98,0.01,,0,African American,0.97,0.01,0.01,0.01,African American,0.7,0.3,At-risk,0.63,0.37,At-risk,0.22,1025,1700 EAST CAPITOL STREET NE,38.89,-76.98,818,7,0,0,8,90,251,286,172,4,0.31,0.2,0,0,-0.06,-0.01,0,,0.01,0.06
232,Eaton ES,DCPS,Elementary,Ward 3,Open in both years,53%,53%,1,5%,5%,0,0.25,0.13,0.47,0.15,White,0.22,0.16,0.47,0.15,White,0.05,0.95,Not at-risk,0.05,0.95,Not at-risk,0.73,475,3301 LOWELL STREET NW,38.93,-77.07,477,45,6,293,58,34,14,8,17,2,0.61,0.44,0,0,0,-0.03,0.03,0,0,0
1206,EL Haynes PCS Elementary School,Charter,Elementary,Ward 4,Open in both years,56%,59%,1,35%,31%,0,0.44,0.37,0.15,0.05,African American,0.4,0.41,0.13,0.05,Latino,0.35,0.65,Not at-risk,0.31,0.69,Not at-risk,,358,4501 Kansas Avenue NW,38.95,-77.02,345,73,2,0,167,48,11,27,17,0,0.48,0.6,1,0,-0.04,-0.04,0.04,-0.02,0.03,-0.04
1138,EL Haynes PCS High School,Charter,High,Ward 4,Open in both years,46%,51%,1,48%,48%,1,0.54,0.43,,0.02,African American,0.46,0.49,0,0.05,Latino,0.52,0.48,At-risk,0.52,0.48,At-risk,,422,4501 Kansas Avenue NW,38.95,-77.02,450,77,9,1,198,75,19,39,31,1,0.44,0.6,1,0,0,-0.08,0.06,,0.05,0
146,EL Haynes PCS Middle School,Charter,Middle,Ward 1,Open in both years,54%,50%,1,42%,41%,0,0.46,0.43,0.05,0.06,African American,0.46,0.5,0.02,0.02,Latino,0.42,0.58,Not at-risk,0.41,0.59,Not at-risk,,377,3600 Georgia Avenue NW,38.93,-77.02,348,79,2,2,161,53,7,23,19,2,0.23,0.19,1,0,-0.01,0,0.07,-0.03,-0.04,-0.01
407,Eliot Hine MS,DCPS,Middle,Ward 6,Open in both years,2%,7%,0,37%,38%,0,0.98,0.01,0,0,African American,0.93,0.04,0.02,0.03,African American,0.63,0.37,At-risk,0.62,0.38,At-risk,0.13,257,1830 CONSTITUTION AVENUE NE,38.89,-76.98,200,2,0,0,1,20,57,36,43,41,0.28,0.3,0,0,-0.01,-0.06,0.03,0.01,0.06,0.01
159,Elsie Whitlow Stokes Community Freedom PCS,Charter,Elementary,Ward 5,Open in both years,55%,60%,1,18%,13%,0,0.45,0.29,0.17,0.09,African American,0.4,0.26,0.21,0.14,African American,0.18,0.82,Not at-risk,0.13,0.87,Not at-risk,,350,3700 Oakview Terrace NE,38.93,-76.99,350,27,4,2,66,207,17,21,6,0,0.59,0.25,0,0,-0.05,-0.05,-0.03,0.04,0.05,-0.05
1113,Excel Academy PCS,Charter,Elementary/Middle,Ward 8,Open in both years,3%,2%,0,36%,36%,0,0.97,0.01,0,0.02,African American,0.98,0.01,0,0.01,African American,0.64,0.36,At-risk,0.64,0.36,At-risk,,155,2501 Martin Luther King Jr Avenue SE,38.86,-77,702,6,2,0,6,26,12,90,557,3,0.79,0.17,0,0,0,0.01,0,0,-0.01,0
269,Friendship PCS Armstrong,Charter,Elementary,Ward 5,Opened by 2016-17,,9%,0,,47%,1,,,,,,0.91,0.07,0.02,0,African American,,,,0.53,0.47,At-risk,,,1400 1st Street NW,38.91,-77.01,438,32,18,1,31,105,107,81,60,3,0.24,0.53,,,,,,,,
361,Friendship PCS Blow Pierce Elementary School,Charter,Elementary,Ward 7,Open in both years,1%,2%,0,24%,26%,0,0.99,,,0,African American,0.98,0.02,,0,African American,0.76,0.24,At-risk,0.74,0.26,At-risk,,379,725 19th Street NE,38.9,-76.98,388,6,0,1,7,89,70,155,57,3,0.4,0.66,0,0,-0.02,-0.01,,,0.01,0.02
362,Friendship PCS Blow Pierce Middle School,Charter,Middle,Ward 7,Open in both years,1%,1%,0,31%,34%,0,0.99,0.01,0,0,African American,0.99,0.01,,0,African American,0.69,0.31,At-risk,0.66,0.34,At-risk,,213,725 19th Street NE,38.9,-76.98,230,5,2,1,2,38,50,90,41,1,0.39,0.66,0,0,-0.03,0,0,,0,0.03
363,Friendship PCS Chamberlain Elementary School,Charter,Elementary,Ward 6,Open in both years,0%,2%,0,37%,43%,0,1,0,,0,African American,0.98,0.02,0,0,African American,0.63,0.37,At-risk,0.57,0.43,At-risk,,375,1345 Potomac Avenue SE,38.88,-76.99,387,1,2,0,3,17,56,165,141,2,0.14,0.13,0,0,-0.06,-0.02,0.02,,0.02,0.06
364,Friendship PCS Chamberlain Middle School,Charter,Middle,Ward 6,Open in both years,1%,1%,0,42%,44%,0,0.99,,0,0,African American,0.99,0.01,,0,African American,0.58,0.42,At-risk,0.56,0.44,At-risk,,343,1345 Potomac Avenue SE,38.88,-76.99,330,4,0,0,4,12,75,130,105,0,0.23,0.13,0,0,-0.02,0,,,0,0.02
186,Friendship PCS Collegiate Academy,Charter,High,Ward 7,Open in both years,0%,1%,0,41%,44%,0,1,,0,0,African American,0.99,0.01,,0,African American,0.59,0.41,At-risk,0.56,0.44,At-risk,,883,4095 Minnesota Avenue NE,38.9,-76.95,751,13,2,1,16,83,81,367,188,0,0.49,0.08,0,0,-0.02,-0.01,,,0.01,0.02
268,Friendship PCS Online,Charter,Elementary/Middle,Ward 4,Opened by 2016-17,,21%,0,,46%,1,,,,,,0.79,0.06,0.14,0.02,African American,,,,0.46,0.54,Not at-risk,,,1351 Nicholson Street NW,38.96,-77.03,145,6,4,4,20,21,11,26,52,1,0.14,1.26,,,,,,,,
113,Friendship PCS Southeast Academy,Charter,Elementary,Ward 8,Open in both years,0%,1%,0,28%,29%,0,1,,0,0,African American,0.99,0,0,0,African American,0.72,0.28,At-risk,0.71,0.29,At-risk,,576,645 Milwaukee Place SE,38.85,-77,553,3,0,0,4,7,13,52,469,5,0.85,0.52,0,0,0,-0.01,,0,0.01,0
1164,Friendship PCS Technology Preparatory Academy High School,Charter,High,Ward 8,Opened by 2016-17,,1%,0,,30%,0,,,,,,0.99,0.01,,0,African American,,,,0.7,0.3,At-risk,,,2705 Martin Luther King Jr Avenue SE,38.85,-77,233,2,0,0,1,6,4,23,196,1,0.84,0.5,,,,,,,,
1124,Friendship PCS Technology Preparatory Academy Middle,Charter,Middle,Ward 8,Opened by 2016-17,1%,1%,0,29%,32%,0,0.99,,,0,African American,0.99,0.01,,0,African American,0.71,0.29,At-risk,0.68,0.32,At-risk,,499,2705 Martin Luther King Jr Avenue SE,38.85,-77,257,0,0,0,0,2,3,23,228,1,0.89,0.5,,,,,,,,
365,Friendship PCS Woodridge Elementary School,Charter,Elementary,Ward 5,Open in both years,4%,6%,0,45%,33%,0,0.96,0.02,,0,African American,0.94,0.05,0,0,African American,0.45,0.55,Not at-risk,0.33,0.67,Not at-risk,,284,2959 Carlton Avenue NE,38.93,-76.97,305,8,2,0,25,176,7,57,27,3,0.58,1.52,0,0,-0.12,-0.02,0.03,,0.02,-0.12
366,Friendship PCS Woodridge Middle School,Charter,Middle,Ward 5,Open in both years,4%,6%,0,45%,30%,0,0.96,0.04,0,0,African American,0.94,0.06,0.01,0,African American,0.45,0.55,Not at-risk,0.3,0.7,Not at-risk,,168,2959 Carlton Avenue NE,38.93,-76.97,199,5,2,0,10,103,10,43,25,1,0.52,1.52,0,0,-0.14,-0.02,0.02,0,0.02,-0.14
238,Garfield ES,DCPS,Elementary,Ward 8,Open in both years,1%,3%,0,18%,22%,0,0.99,,0,0,African American,0.97,0.02,,0.01,African American,0.82,0.18,At-risk,0.78,0.22,At-risk,0.17,284,2435 ALABAMA AVENUE SE,38.85,-76.97,301,0,0,0,1,0,1,14,278,7,0.92,0.76,0,0,-0.04,-0.02,,,0.02,0.04
239,Garrison ES,DCPS,Elementary,Ward 2,Open in both years,43%,48%,1,48%,42%,0,0.57,0.28,0.1,0.05,African American,0.52,0.31,0.13,0.04,African American,0.48,0.52,Not at-risk,0.42,0.58,Not at-risk,0.19,244,1200 S STREET NW,38.91,-77.03,253,104,53,3,14,36,10,17,14,2,0.21,0.2,0,0,-0.06,-0.05,0.03,0.03,0.05,-0.06
297,Goodwill Excel Center PCS,Charter,High,Ward 2,Opened by 2016-17,,5%,0,,2%,0,,,,,,0.95,0.02,0.01,0.03,African American,,,,0.98,0.02,At-risk,,,"1776 G Street, NW",38.9,-77.04,382,15,11,0,18,50,41,134,107,6,0.03,0.23,,,,,,,,
227,H D Cooke ES,DCPS,Elementary,Ward 1,Open in both years,35%,41%,1,46%,49%,1,0.29,0.65,0.02,0.03,Latino,0.31,0.59,0.04,0.07,Latino,0.54,0.46,At-risk,0.51,0.49,At-risk,0.32,400,2525 17TH STREET NW,38.92,-77.04,420,325,5,3,35,26,1,10,10,5,0.77,0.45,0,0,-0.02,0.02,-0.06,0.02,0.06,0.02
246,Hardy MS,DCPS,Middle,Ward 2,Open in both years,41%,46%,1,25%,22%,0,0.59,0.13,0.13,0.14,African American,0.54,0.17,0.17,0.13,African American,0.25,0.75,Not at-risk,0.22,0.78,Not at-risk,0.34,386,1819 35TH STREET NW,38.92,-77.07,374,22,28,78,42,52,45,44,47,16,0.07,1.07,0,0,-0.03,-0.05,0.04,0.04,0.05,-0.03
245,Harmony DC PCS School of Excellence,Charter,Elementary,Ward 5,Open in both years,6%,4%,0,39%,47%,1,0.94,0.05,0,0.02,African American,0.96,0.03,,0.01,African American,0.61,0.39,At-risk,0.47,0.53,Not at-risk,,66,62 T Street NE,38.92,-77.01,97,3,0,1,3,39,11,20,20,0,0.4,0.63,0,1,-0.13,0.02,-0.02,,-0.02,0.08
413,Hart MS,DCPS,Middle,Ward 8,Open in both years,2%,1%,0,18%,17%,0,0.98,0.01,,0,African American,0.99,0.01,,0,African American,0.82,0.18,At-risk,0.83,0.17,At-risk,0.2,479,601 MISSISSIPPI AVENUE SE,38.84,-77,349,0,0,0,0,6,5,15,317,6,0.91,0.7,0,0,0.01,0.01,0,,-0.01,-0.01
258,Hearst ES,DCPS,Elementary,Ward 3,Open in both years,47%,59%,1,13%,5%,0,0.53,0.05,0.36,0.06,African American,0.34,0.09,0.41,0.16,White,0.13,0.87,Not at-risk,0.05,0.95,Not at-risk,0.65,291,3950 37TH STREET NW,38.94,-77.07,312,32,4,166,59,23,1,11,10,6,0.53,0.5,1,0,-0.08,-0.19,0.04,0.05,0.12,-0.08
249,Hendley ES,DCPS,Elementary,Ward 8,Open in both years,1%,0%,0,10%,7%,0,0.99,,,0,African American,1,,,0,African American,0.9,0.1,At-risk,0.93,0.07,At-risk,0.2,503,425 CHESAPEAKE STREET SE,38.83,-77,445,0,0,1,0,7,1,7,424,5,0.95,1.25,0,0,0.03,0.01,,,-0.01,-0.03
131,Hope Community PCS Lamond,Charter,Elementary,Ward 4,Open in both years,12%,13%,0,41%,41%,0,0.88,0.12,0,0,African American,0.88,0.12,,0.01,African American,0.41,0.59,Not at-risk,0.41,0.59,Not at-risk,,358,6200 Kansas Avenue NE,38.97,-77.01,321,20,4,2,148,70,12,40,25,0,0.46,0.8,0,0,-0.01,0,0,,0,-0.01
114,Hope Community PCS Tolson,Charter,Elementary/Middle,Ward 5,Open in both years,6%,6%,0,49%,46%,1,0.94,0.03,0.02,0,African American,0.94,0.06,,0,African American,0.51,0.49,At-risk,0.54,0.46,At-risk,,517,2917 8th Street NE,38.93,-76.99,561,22,7,0,48,284,25,104,68,3,0.51,0.45,0,0,0.03,0,0.03,,0,-0.03
160,Hospitality High School,OSSE Managed School,High,,Closed after 2014-15,,,0,24%,,,,,,,,,,,,,0.76,0.24,At-risk,,,,,,,,,,,,,,,,,,,,,,,,,,,,
251,Houston ES,DCPS,Elementary,Ward 7,Open in both years,3%,4%,0,25%,27%,0,0.97,0.03,0,0,African American,0.96,0.03,0,0,African American,0.75,0.25,At-risk,0.73,0.27,At-risk,0.33,279,1100 50TH PLACE NE,38.91,-76.93,299,2,0,0,0,5,1,274,17,0,0.92,0.32,0,0,-0.02,-0.01,0,0,0.01,0.02
115,Howard University Middle School of Mathematics and Science PCS,Charter,Middle,Ward 1,Open in both years,3%,4%,0,39%,45%,1,0.97,0.03,0,0,African American,0.96,0.03,,0.01,African American,0.39,0.61,Not at-risk,0.45,0.55,Not at-risk,,294,405 Howard Place NW,38.92,-77.02,278,31,4,1,37,57,27,50,70,1,0.11,0.56,0,0,0.06,-0.01,0,,0.01,0.06
252,Hyde Addison ES,DCPS,Elementary,Ward 2,Open in both years,56%,56%,1,8%,7%,0,0.4,0.1,0.44,0.05,White,0.31,0.13,0.44,0.11,White,0.08,0.92,Not at-risk,0.07,0.93,Not at-risk,0.82,305,3219 O STREET NW,38.91,-77.06,329,25,152,14,24,35,13,23,38,5,0.46,0.9,0,0,-0.01,-0.09,0.03,0,0,-0.01
163,IDEA PCS,Charter,High,Ward 7,Open in both years,2%,3%,0,24%,35%,0,0.98,0.02,0,0,African American,0.97,0.03,,0,African American,0.76,0.24,At-risk,0.65,0.35,At-risk,,217,1027 45th Street NE,38.9,-76.94,262,7,0,0,6,24,15,153,55,2,0.58,0.29,0,0,-0.12,-0.01,0.01,,0.01,0.12
134,Ideal Academy PCS,Charter,Elementary/Middle,Ward 4,Open in both years,3%,4%,0,38%,41%,0,0.97,0.02,0,0.01,African American,0.96,0.03,0,0.01,African American,0.62,0.38,At-risk,0.41,0.59,Not at-risk,,297,6130 North Capitol Street NW,38.96,-77.01,300,11,0,0,84,51,6,106,19,23,0.28,0.81,0,1,-0.21,-0.01,0.01,0,0.01,0.03
200,Ingenuity Prep PCS,Charter,Elementary,Ward 8,Open in both years,3%,3%,0,26%,31%,0,0.97,,,0.01,African American,0.97,0.01,0.02,0,African American,0.74,0.26,At-risk,0.69,0.31,At-risk,,201,4600 Livingston Road SE,38.82,-77,376,2,0,0,7,9,5,25,325,3,0.86,1.66,0,0,-0.04,0,,,0,0.04
3064,Inspired Teaching Demonstration PCS,Charter,Elementary/Middle,Ward 5,Open in both years,55%,55%,1,11%,14%,0,0.38,0.03,0.45,0.12,White,0.39,0.06,0.45,0.11,White,0.11,0.89,Not at-risk,0.14,0.86,Not at-risk,,317,200 Douglas Street NE,38.92,-77,414,65,6,1,78,180,29,28,27,0,0.43,0.42,0,0,0.03,0.01,0.03,0,0,0.03
339,J O Wilson ES,DCPS,Elementary,Ward 6,Open in both years,15%,19%,0,50%,45%,1,0.85,0.06,0.06,0.03,African American,0.81,0.07,0.08,0.04,African American,0.5,0.5,Not at-risk,0.45,0.55,Not at-risk,0.37,466,660 K STREET NE,38.9,-77,495,2,0,0,16,102,189,117,64,5,0.38,0.44,0,0,-0.05,-0.04,0.01,0.02,0.04,-0.05
254,Janney ES,DCPS,Elementary,Ward 3,Open in both years,27%,25%,0,1%,,0,0.07,0.09,0.73,0.11,White,0.05,0.08,0.76,0.12,White,0.01,0.99,Not at-risk,,,.,0.94,693,4130 ALBEMARLE STREET NW,38.95,-77.08,722,10,1,683,15,4,5,0,3,1,0.95,0.07,0,,,-0.02,-0.02,0.02,-0.02,
433,Jefferson Middle School Academy,DCPS,Elementary/Middle,Ward 6,Open in both years,6%,5%,0,35%,45%,1,0.94,0.03,,0.03,African American,0.95,0.02,0.01,0.02,African American,0.65,0.35,At-risk,0.55,0.45,At-risk,0.23,277,801 7TH STREET SW,38.88,-77.02,305,4,0,0,5,17,101,66,107,5,0.33,0.32,0,0,-0.09,0.01,-0.01,,-0.01,0.09
416,Johnson John Hayden MS,DCPS,Middle,Ward 8,Open in both years,3%,5%,0,21%,23%,0,0.97,0.03,0,0,African American,0.95,0.04,,0.01,African American,0.79,0.21,At-risk,0.77,0.23,At-risk,0.19,291,1400 BRUCE PLACE SE,38.85,-76.98,252,0,0,0,0,3,1,13,223,12,0.88,0.47,0,0,-0.01,-0.02,0.01,,0.02,0.01
421,Kelly Miller MS,DCPS,Middle,Ward 7,Open in both years,3%,4%,0,30%,32%,0,0.97,0.03,,0,African American,0.96,0.04,,0,African American,0.7,0.3,At-risk,0.68,0.32,At-risk,0.21,546,301 49TH STREET NE,38.89,-76.93,449,0,0,0,2,6,5,399,21,16,0.89,0.34,0,0,-0.02,-0.01,0.01,,0.01,0.02
257,Ketcham ES,DCPS,Elementary,Ward 8,Open in both years,3%,5%,0,14%,15%,0,0.97,0.01,0,0,African American,0.96,0.02,,0.02,African American,0.86,0.14,At-risk,0.85,0.15,At-risk,0.22,309,1919 15TH STREET SE,38.87,-76.98,309,0,0,0,0,1,2,14,284,8,0.92,0.67,0,0,0,-0.02,0.01,,0.02,0
272,Key ES,DCPS,Elementary,Ward 3,Open in both years,33%,33%,0,3%,,0,0.12,0.09,0.67,0.12,White,0.11,0.11,0.67,0.12,White,0.03,0.97,Not at-risk,,,.,0.91,383,5001 DANA PLACE NW,38.93,-77.1,397,5,12,333,20,5,4,7,10,1,0.84,1.85,0,,,-0.01,0.02,-0.01,0,
259,Kimball ES,DCPS,Elementary,Ward 7,Open in both years,2%,4%,0,23%,19%,0,0.98,0.02,,0,African American,0.97,0.02,,0.02,African American,0.77,0.23,At-risk,0.81,0.19,At-risk,0.27,348,3375 MINNESOTA AVENUE SE,38.88,-76.96,372,1,0,0,2,5,7,339,11,7,0.91,1.06,0,0,0.04,-0.02,0,,0.02,-0.04
344,King M L ES,DCPS,Elementary,Ward 8,Open in both years,0%,2%,0,12%,16%,0,1,,0,0,African American,0.98,0.02,,0,African American,0.88,0.12,At-risk,0.84,0.16,At-risk,0.17,372,3200 6TH STREET SE,38.84,-77,374,4,0,0,2,3,3,15,332,15,0.89,0.59,0,0,-0.04,-0.02,,,0.02,0.04
267,Kingsman Academy PCS,Charter,Middle/High,Ward 6,Opened by 2016-17,,0%,0,,10%,0,,,,,,1,,,0,African American,,,,0.9,0.1,At-risk,,,1375 E Street NE,38.9,-76.99,216,4,0,0,3,27,38,56,86,2,0.18,0.72,,,,,,,,
116,KIPP DC AIM Academy PCS,Charter,Middle,Ward 8,Open in both years,2%,0%,0,41%,46%,1,0.98,,0,0,African American,1,,,0,African American,0.59,0.41,At-risk,0.54,0.46,At-risk,,321,2600 Douglass Road SE,38.86,-76.99,373,1,0,0,3,8,12,40,307,2,0.82,0.55,0,0,-0.04,0.02,,,-0.02,0.04
236,KIPP DC Arts and Technology Academy PCS,Charter,Early Childhood,Ward 7,Open in both years,3%,2%,0,39%,47%,1,0.97,,0,0.02,African American,0.98,0.02,,0,African American,0.61,0.39,At-risk,0.53,0.47,At-risk,,212,5300 Blaine Street NE,38.89,-76.92,277,2,5,0,5,19,5,192,48,1,0.69,0.64,0,0,-0.07,0,,,0,0.07
1123,KIPP DC College Preparatory Academy PCS,Charter,High,Ward 5,Open in both years,1%,0%,0,49%,47%,1,0.99,,0,0,African American,1,0.01,,0,African American,0.51,0.49,At-risk,0.53,0.47,At-risk,,454,1405 Brentwood Parkway NE,38.91,-76.99,594,13,3,0,28,72,42,196,240,0,0.12,0.55,0,0,0.02,0,,,0,-0.02
209,KIPP DC Connect Academy PCS,Charter,Early Childhood,Ward 5,Open in both years,5%,5%,0,47%,45%,1,0.95,0.01,,0.03,African American,0.95,0.04,0.01,0,African American,0.53,0.47,At-risk,0.55,0.45,At-risk,,301,1375 Mount Olivet Road NE,38.91,-76.98,325,3,1,0,9,142,41,81,48,0,0.44,1.18,0,0,0.03,0,0.03,,0,-0.03
1122,KIPP DC Discover Academy PCS,Charter,Early Childhood,Ward 8,Open in both years,3%,1%,0,38%,38%,0,0.97,,0,0.02,African American,0.99,0.01,0,0,African American,0.62,0.38,At-risk,0.62,0.38,At-risk,,330,2600 Douglass Road SE,38.86,-76.99,352,4,1,0,1,16,10,50,269,1,0.76,0.55,0,0,0,0.02,,0,-0.02,0
1129,KIPP DC Grow Academy PCS,Charter,Early Childhood,Ward 6,Open in both years,8%,5%,0,45%,48%,1,0.92,0.04,,0.04,African American,0.95,0.02,0.02,0.01,African American,0.45,0.55,Not at-risk,0.48,0.52,Not at-risk,,312,421 P Street NW,38.91,-77.02,328,26,7,0,30,59,87,65,53,1,0.27,0.31,0,0,0.04,0.03,-0.02,,-0.03,0.04
3071,KIPP DC Heights Academy PCS,Charter,Elementary,Ward 8,Open in both years,0%,0%,0,45%,42%,0,1,,0,0,African American,1,0,,0,African American,0.55,0.45,At-risk,0.58,0.42,At-risk,,415,2600 Douglass Road SE,38.86,-76.99,461,1,0,0,3,16,20,62,355,4,0.77,0.55,0,0,0.03,0,,,0,-0.03
189,KIPP DC KEY Academy PCS,Charter,Middle,Ward 7,Open in both years,1%,2%,0,48%,44%,0,0.99,,0,0,African American,0.98,0.02,,0,African American,0.48,0.52,Not at-risk,0.44,0.56,Not at-risk,,334,4801 Benning Road SE,38.88,-76.93,337,1,0,0,4,24,7,225,75,1,0.67,0.56,0,0,-0.04,-0.01,,,0.01,-0.04
190,KIPP DC Lead Academy PCS,Charter,Elementary,Ward 6,Open in both years,5%,5%,0,42%,41%,0,0.95,0.02,,0.01,African American,0.95,0.04,0.01,0.01,African American,0.42,0.58,Not at-risk,0.41,0.59,Not at-risk,,302,421 P Street NW,38.91,-77.02,418,34,10,1,44,84,98,92,54,1,0.23,0.31,0,0,-0.01,0,0.02,,0,-0.01
132,KIPP DC LEAP Academy PCS,Charter,Early Childhood,Ward 7,Open in both years,2%,6%,0,42%,41%,0,0.98,,0,0.02,African American,0.94,0.06,,0,African American,0.58,0.42,At-risk,0.59,0.41,At-risk,,304,4801 Benning Road SE,38.88,-76.93,198,0,0,0,3,3,4,145,43,0,0.73,0.56,0,0,0.01,-0.04,,,0.04,-0.01
242,KIPP DC Northeast Academy PCS,Charter,Middle,Ward 5,Open in both years,3%,3%,0,44%,46%,1,0.97,0.02,0,0,African American,0.97,0.02,,0.01,African American,0.56,0.44,At-risk,0.54,0.46,At-risk,,126,1375 Mount Olivet Road NE,38.91,-76.98,326,2,0,0,7,108,36,107,64,2,0.33,1.18,0,0,-0.02,0,0,,0,0.02
1121,KIPP DC PCS Promise Academy,Charter,Elementary,Ward 7,Open in both years,2%,2%,0,45%,45%,1,0.98,0.02,0,0,African American,0.98,0.02,,0,African American,0.55,0.45,At-risk,0.55,0.45,At-risk,,400,4801 Benning Road SE,38.88,-76.93,525,1,0,0,12,26,8,364,112,2,0.69,0.56,0,0,0,0,0,,0,0
237,KIPP DC Quest Academy PCS,Charter,Elementary,Ward 7,Open in both years,5%,2%,0,38%,45%,1,0.95,0.01,0,0.04,African American,0.98,0.01,0,0.01,African American,0.62,0.38,At-risk,0.55,0.45,At-risk,,282,5300 Blaine Street NE,38.89,-76.92,365,0,1,0,5,21,14,266,58,0,0.73,0.64,0,0,-0.07,0.03,0,0,-0.03,0.07
214,KIPP DC Spring Academy PCS,Charter,Elementary,Ward 5,Open in both years,5%,4%,0,41%,45%,1,0.95,0.04,0,0,African American,0.96,0.03,,0.01,African American,0.59,0.41,At-risk,0.55,0.45,At-risk,,102,1375 Mount Olivet Road NE,38.91,-76.98,335,3,0,0,6,118,40,109,57,2,0.35,1.18,0,0,-0.04,0.01,-0.01,,-0.01,0.04
243,KIPP DC Valor Academy PCS,Charter,Middle,Ward 7,Opened by 2016-17,,2%,0,,48%,1,,,,,,0.98,0.02,,0,African American,,,,0.52,0.48,At-risk,,,5300 Blaine Street NE,38.89,-76.92,223,0,0,0,3,4,3,181,30,2,0.81,0.64,,,,,,,,
121,KIPP DC WILL Academy PCS,Charter,Middle,Ward 6,Open in both years,3%,3%,0,40%,38%,0,0.97,0.01,0,0.01,African American,0.97,0.02,0,0,African American,0.4,0.6,Not at-risk,0.38,0.62,Not at-risk,,344,421 P Street NW,38.91,-77.02,346,28,2,2,24,68,87,59,75,1,0.25,0.31,0,0,-0.02,0,0.01,0,0,-0.02
417,Kramer MS,DCPS,Middle,Ward 8,Open in both years,2%,2%,0,20%,16%,0,0.98,,,0,African American,0.98,0.02,,0,African American,0.8,0.2,At-risk,0.84,0.16,At-risk,0.11,333,1700 Q STREET SE,38.87,-76.98,193,0,1,0,0,3,2,13,169,5,0.88,0.71,0,0,0.04,0,,,0,-0.04
261,Lafayette ES,DCPS,Elementary,Ward 4,Open in both years,30%,30%,0,3%,2%,0,0.11,0.07,0.7,0.12,White,0.1,0.07,0.7,0.13,White,0.03,0.97,Not at-risk,0.02,0.98,Not at-risk,0.87,697,5701 BROAD BRANCH ROAD NW,38.97,-77.07,761,2,3,169,555,14,7,3,2,6,0.73,1.02,0,0,0,-0.01,0,0,0,0
262,Langdon ES,DCPS,Elementary,Ward 5,Open in both years,9%,14%,0,44%,49%,1,0.91,0.08,,0,African American,0.86,0.13,0.01,0.01,African American,0.56,0.44,At-risk,0.51,0.49,At-risk,0.15,340,1900 EVARTS STREET NE,38.92,-76.98,323,7,0,1,11,237,6,33,20,8,0.73,1.06,0,0,-0.05,-0.05,0.05,,0.05,0.05
370,Langley ES,DCPS,Elementary/Middle,Ward 5,Open in both years,9%,15%,0,36%,43%,0,0.91,0.06,0.02,0.01,African American,0.85,0.07,0.05,0.02,African American,0.64,0.36,At-risk,0.57,0.43,At-risk,0.17,289,101 T STREET NE,38.92,-77.01,284,10,3,0,9,191,18,27,25,1,0.67,0.56,0,0,-0.07,-0.06,0.01,0.03,0.06,0.07
264,LaSalle Backus EC,DCPS,Elementary/Middle,Ward 4,Open in both years,39%,48%,1,48%,48%,1,0.61,0.38,,0,African American,0.52,0.46,0.01,0.02,African American,0.52,0.48,At-risk,0.52,0.48,At-risk,0.16,349,501 RIGGS ROAD NE,38.96,-77,369,12,0,0,177,148,5,10,8,9,0.48,0.53,0,0,-0.01,-0.09,0.08,,0.09,0.01
193,Latin American Montessori Bilingual PCS,Charter,Elementary,Ward 4,Open in both years,49%,53%,1,12%,10%,0,0.16,0.51,0.26,0.06,Latino,0.18,0.47,0.26,0.1,Latino,0.12,0.88,Not at-risk,0.1,0.9,Not at-risk,,342,1375 Missouri Avenue NW,38.96,-77.03,426,57,7,13,206,89,29,17,8,0,0.48,1.04,0,0,-0.02,0.02,-0.04,0,0.04,-0.02
266,Leckie ES,DCPS,Elementary/Middle,Ward 8,Open in both years,19%,23%,0,47%,41%,0,0.81,0.05,0.11,0,African American,0.77,0.08,0.08,0.06,African American,0.47,0.53,Not at-risk,0.41,0.59,Not at-risk,0.39,478,4201 MARTIN LUTHER KING JR AVENUE SW,38.83,-77.01,552,0,0,0,3,10,1,19,496,23,0.9,1.78,0,0,-0.06,-0.04,0.03,-0.03,0.04,-0.06
228,Lee Montessori PCS,Charter,Elementary,Ward 5,Open in both years,46%,58%,1,14%,12%,0,0.43,0.01,0.54,0.01,White,0.4,0.06,0.42,0.12,White,0.14,0.86,Not at-risk,0.12,0.88,Not at-risk,,74,3015 4th Street NE,38.93,-77,145,15,4,3,29,64,17,7,6,0,0.44,0.45,0,0,-0.02,-0.03,0.05,-0.12,0.12,-0.02
271,Ludlow Taylor ES,DCPS,Elementary,Ward 6,Open in both years,31%,42%,1,32%,25%,0,0.69,0.05,0.21,0.06,African American,0.58,0.06,0.29,0.07,African American,0.32,0.68,Not at-risk,0.25,0.75,Not at-risk,0.37,340,659 G STREET NE,38.9,-77,373,8,3,0,3,54,193,52,53,7,0.52,0.58,0,0,-0.07,-0.11,0.01,0.08,0.11,-0.07
420,MacFarland MS,DCPS,Elementary,Ward 4,Opened by 2016-17,,13%,0,,45%,1,,,,,,0.13,0.87,,0,Latino,,,,0.45,0.55,Not at-risk,,,4400 IOWA AVENUE NW,38.94,-77.03,69,23,0,0,33,9,1,2,0,1,0.48,0.48,,,,,,,,
308,Malcolm X ES at Green,DCPS,Elementary,Ward 8,Open in both years,0%,0%,0,15%,19%,0,1,,0,0,African American,1,,,0,African American,0.85,0.15,At-risk,0.81,0.19,At-risk,0.19,244,1500 MISSISSIPPI AVENUE SE,38.84,-76.98,237,0,0,0,2,1,0,16,215,3,0.91,0.31,0,0,-0.03,0,,,0,0.03
273,Mann ES,DCPS,Elementary,Ward 3,Open in both years,36%,35%,0,1%,,0,0.11,0.13,0.64,0.12,White,0.12,0.13,0.65,0.11,White,0.01,0.99,Not at-risk,,,.,0.97,302,4430 NEWARK STREET NW,38.93,-77.09,379,2,9,331,16,2,0,4,5,10,0.87,1.05,0,,,0.01,0,0.01,-0.01,
284,Marie Reed ES at MacFarland,DCPS,Elementary,Ward 1,Open in both years,36%,36%,0,36%,34%,0,0.19,0.64,0.07,0.09,Latino,0.15,0.64,0.12,0.09,Latino,0.36,0.64,Not at-risk,0.34,0.66,Not at-risk,0.38,393,2201 18TH STREET NW,38.92,-77.04,398,221,30,3,38,59,10,22,15,0,0.56,0.6,0,0,-0.02,-0.04,0,0.05,0,-0.02
135,Mary McLeod Bethune Day Academy PCS,Charter,Elementary/Middle,Ward 5,Open in both years,10%,13%,0,38%,43%,0,0.9,0.07,0.04,0,African American,0.87,0.1,0.02,0.02,African American,0.62,0.38,At-risk,0.57,0.43,At-risk,,381,1404 Jackson Street NE,38.93,-76.99,402,18,0,1,35,199,16,94,37,2,0.5,0.96,0,0,-0.05,-0.03,0.03,-0.02,0.03,0.05
274,Maury ES,DCPS,Elementary,Ward 6,Open in both years,49%,44%,1,13%,8%,0,0.37,0.05,0.51,0.06,White,0.28,0.06,0.56,0.1,White,0.13,0.87,Not at-risk,0.08,0.92,Not at-risk,0.6,366,1250 CONSTITUTION AVENUE NE,38.89,-76.99,387,0,0,0,0,17,342,17,8,3,0.88,0.67,0,0,-0.05,-0.09,0.01,0.05,-0.05,-0.05
435,McKinley MS,DCPS,Middle,Ward 5,Open in both years,4%,7%,0,41%,44%,0,0.96,0.03,,0,African American,0.93,0.06,0.01,0.01,African American,0.59,0.41,At-risk,0.56,0.44,At-risk,0.15,202,151 T STREET NE,38.92,-77,213,6,0,0,5,109,13,40,38,2,0.51,0.55,0,0,-0.03,-0.03,0.03,,0.03,0.03
458,McKinley Technology HS,DCPS,High,Ward 5,Open in both years,8%,14%,0,37%,33%,0,0.92,0.05,,0.01,African American,0.86,0.09,0.02,0.03,African American,0.37,0.63,Not at-risk,0.33,0.67,Not at-risk,,645,151 T STREET NE,38.92,-77,619,28,1,1,89,167,57,165,107,4,0.27,0.55,0,0,-0.04,-0.06,0.04,,0.06,-0.04
165,Meridian PCS,Charter,Elementary/Middle,Ward 1,Open in both years,40%,38%,0,46%,44%,1,0.6,0.37,0.02,0.01,African American,0.62,0.34,0.02,0.03,African American,0.46,0.54,Not at-risk,0.44,0.56,Not at-risk,,639,2120 13th Street NW,38.92,-77.03,692,312,23,2,104,84,23,84,60,0,0.45,0.08,0,0,-0.02,0.02,-0.03,0,-0.02,-0.02
280,Miner ES,DCPS,Elementary,Ward 6,Open in both years,12%,15%,0,26%,34%,0,0.88,0.06,0.03,0.02,African American,0.85,0.04,0.08,0.02,African American,0.74,0.26,At-risk,0.66,0.34,At-risk,0.24,398,601 15TH STREET NE,38.9,-76.98,384,2,0,0,3,73,204,62,29,11,0.53,0.7,0,0,-0.08,-0.03,-0.02,0.05,0.03,0.08
260,Monument Academy PCS,Charter,Elementary,Ward 6,Opened by 2016-17,,0%,0,,14%,0,,,,,,1,,,0,African American,,,,0.86,0.14,At-risk,,,500 19th Street NE,38.9,-76.98,76,3,0,0,3,6,13,19,31,1,0.17,0.58,,,,,,,,
285,Moten ES,DCPS,Elementary,Ward 8,Open in both years,2%,3%,0,12%,16%,0,0.98,,0,0,African American,0.97,0.02,,0,African American,0.88,0.12,At-risk,0.84,0.16,At-risk,0.23,395,1565 MORRIS ROAD SE,38.86,-76.98,405,0,0,0,0,8,5,25,362,5,0.89,0.76,0,0,-0.04,-0.01,,,0.01,0.04
3065,Mundo Verde Bilingual PCS,Charter,Elementary,Ward 5,Open in both years,61%,62%,1,14%,9%,0,0.25,0.39,0.3,0.06,Latino,0.22,0.38,0.32,0.08,Latino,0.14,0.86,Not at-risk,0.09,0.91,Not at-risk,,404,30 P Street NW,38.91,-77.01,563,123,18,15,162,122,79,26,18,0,0.22,0.4,0,0,-0.05,-0.03,-0.01,0.02,0.01,-0.05
287,Murch ES,DCPS,Elementary,Ward 3,Open in both years,36%,41%,1,3%,2%,0,0.11,0.1,0.64,0.15,White,0.12,0.1,0.59,0.18,White,0.03,0.97,Not at-risk,0.02,0.98,Not at-risk,0.84,620,4810 36TH STREET NW,38.95,-77.07,572,6,1,425,50,14,6,6,8,56,0.74,0.6,0,0,-0.01,0.01,0,-0.05,0.05,-0.01
288,Nalle ES,DCPS,Elementary,Ward 7,Open in both years,7%,8%,0,23%,28%,0,0.93,0.07,0,0,African American,0.92,0.07,0,0.01,African American,0.77,0.23,At-risk,0.72,0.28,At-risk,0.26,384,219 50TH STREET SE,38.89,-76.93,391,0,0,1,1,9,6,326,29,19,0.83,0.47,0,0,-0.04,-0.01,0,0,0.01,0.04
1120,National Collegiate Preparatory PCHS,Charter,High,Ward 8,Open in both years,0%,0%,0,30%,34%,0,1,0,,0,African American,1,,,0,African American,0.7,0.3,At-risk,0.66,0.34,At-risk,,306,4600 Livingston Road SE,38.82,-77,275,0,0,0,5,1,9,34,222,4,0.81,1.66,0,0,-0.04,0,,,0,0.04
290,Noyes ES,DCPS,Elementary,Ward 5,Open in both years,9%,10%,0,37%,27%,0,0.91,0.08,0,0,African American,0.9,0.09,,0,African American,0.63,0.37,At-risk,0.73,0.27,At-risk,0.11,289,2725 10TH STREET NE,38.93,-76.99,197,4,2,0,4,154,5,11,10,7,0.78,0.4,0,0,0.1,-0.01,0.01,,0.01,-0.1
169,Options PCS,Charter,Middle/High,,Closed after 2014-15,,,0,19%,,,,,,,,,,,,,0.81,0.19,At-risk,,,,,,,,,,,,,,,,,,,,,,,,,,,,
292,Oyster Adams Bilingual School,DCPS,Elementary/Middle,Ward 3,Open in both years,39%,40%,1,8%,9%,0,0.06,0.61,0.28,0.05,Latino,0.05,0.6,0.3,0.06,Latino,0.08,0.92,Not at-risk,0.09,0.91,Not at-risk,0.73,650,2801 CALVERT STREET NW,38.92,-77.06,674,217,30,236,99,43,23,10,10,6,0.35,0.35,0,0,0,-0.01,-0.02,0.01,0.01,0
294,Patterson ES,DCPS,Elementary,Ward 8,Open in both years,0%,1%,0,15%,12%,0,1,0,0,0,African American,0.99,0.01,,0,African American,0.85,0.15,At-risk,0.88,0.12,At-risk,0.28,380,4399 SOUTH CAPITOL TERRACE SW,38.83,-77.01,394,0,0,0,0,6,2,6,373,7,0.95,1.66,0,0,0.03,-0.01,0.01,,0.01,-0.03
222,Paul PCS International High School,Charter,High,Ward 4,Open in both years,18%,28%,0,49%,46%,1,0.82,0.17,0,0,African American,0.72,0.27,0,0.01,African American,0.49,0.51,Not at-risk,0.54,0.46,At-risk,,325,5800 8th Street NW,38.96,-77.02,487,44,4,1,229,122,19,32,35,1,0.47,1.03,0,1,0.05,-0.1,0.1,0,0.1,-0.03
170,Paul PCS Middle School,Charter,Middle,Ward 4,Open in both years,12%,18%,0,43%,34%,0,0.88,0.12,0,0,African American,0.82,0.17,,0.01,African American,0.43,0.57,Not at-risk,0.34,0.66,Not at-risk,,376,5800 8th Street NW,38.96,-77.02,242,14,2,0,110,54,10,29,23,0,0.45,1.03,0,0,-0.08,-0.06,0.05,,0.06,-0.08
295,Payne ES,DCPS,Elementary,Ward 6,Open in both years,13%,24%,0,40%,48%,1,0.87,0.04,0.05,0.04,African American,0.76,0.04,0.16,0.04,African American,0.6,0.4,At-risk,0.48,0.52,Not at-risk,0.28,277,1445 C STREET SE,38.89,-76.98,300,3,0,1,2,23,125,69,74,3,0.42,0.3,0,1,-0.12,-0.11,0,0.11,0.11,0.08
301,Peabody ES Capitol Hill Cluster,DCPS,Early Childhood,Ward 6,Open in both years,42%,42%,1,7%,7%,0,0.28,0.07,0.58,0.07,White,0.26,0.04,0.58,0.13,White,0.07,0.93,Not at-risk,0.07,0.93,Not at-risk,0.5,227,425 C STREET NE,38.89,-77,230,2,0,1,1,7,188,20,10,1,0.82,0.51,0,0,0,-0.02,-0.04,0,0,0
161,Perry Street Preparatory PCS,Charter,Elementary/Middle,Ward 5,Open in both years,3%,8%,0,45%,49%,1,0.97,0.02,0,0,African American,0.92,0.05,0.01,0.02,African American,0.55,0.45,At-risk,0.51,0.49,At-risk,,619,,,,306,9,0,0,21,174,11,53,38,0,0.57,0.88,0,0,-0.04,-0.05,0.03,0.01,0.05,0.04
478,Phelps Architecture Construction and Engineering HS,DCPS,High,Ward 5,Open in both years,4%,4%,0,49%,49%,1,0.96,0.03,0,0,African American,0.96,0.04,0,0,African American,0.51,0.49,At-risk,0.51,0.49,At-risk,,323,704 26TH STREET NE,38.9,-76.97,328,6,1,1,21,71,24,88,58,58,0.22,0.99,0,0,-0.01,0,0.01,0,0,0.01
299,Plummer ES,DCPS,Elementary,Ward 7,Open in both years,7%,10%,0,17%,24%,0,0.93,0.07,,0,African American,0.9,0.09,0,0,African American,0.83,0.17,At-risk,0.76,0.24,At-risk,0.26,428,4601 TEXAS AVENUE SE,38.89,-76.94,391,1,0,0,6,4,4,342,29,5,0.87,0.26,0,0,-0.07,-0.03,0.02,,0.03,0.07
117,Potomac Preparatory PCS,Charter,Elementary/Middle,,Closed after 2014-15,1%,,0,39%,,,0.99,,0,0,African American,,,,,,0.61,0.39,At-risk,,,,,,,,,,,,,,,,,,,,,,,,,,,,
300,Powell ES,DCPS,Elementary,Ward 4,Open in both years,18%,21%,0,45%,41%,0,0.11,0.82,0.05,0.03,Latino,0.12,0.79,0.06,0.03,Latino,0.45,0.55,Not at-risk,0.41,0.59,Not at-risk,0.36,446,1350 UPSHUR STREET NW,38.94,-77.03,534,65,2,2,439,18,2,3,1,2,0.82,0.47,0,0,-0.05,0.01,-0.03,0.01,0.03,-0.05
316,Randle Highlands ES,DCPS,Elementary/Middle,Ward 7,Open in both years,1%,1%,0,37%,43%,0,0.99,,0,0,African American,0.99,0.01,,0,African American,0.63,0.37,At-risk,0.57,0.43,At-risk,0.27,360,1650 30TH STREET SE,38.87,-76.96,333,0,0,0,1,14,6,216,75,21,0.65,1.27,0,0,-0.06,-0.01,,,0,0.06
302,Raymond EC,DCPS,Elementary/Middle,Ward 4,Open in both years,39%,36%,0,47%,45%,1,0.36,0.61,0.02,0,Latino,0.34,0.64,0.01,0.01,Latino,0.53,0.47,At-risk,0.45,0.55,Not at-risk,0.24,581,915 SPRING ROAD NW,38.94,-77.03,613,332,1,1,191,34,5,19,13,17,0.31,0.13,0,1,-0.08,-0.02,0.03,-0.01,-0.03,-0.02
3067,Richard Wright PCS for Journalism and Media Arts,Charter,Middle/High,Ward 6,Open in both years,1%,1%,0,26%,32%,0,0.99,0,0,0,African American,0.99,0.01,,0,African American,0.74,0.26,At-risk,0.68,0.32,At-risk,,305,770 M Street SE,38.88,-77,300,10,1,0,11,37,47,67,121,6,0.16,0.48,0,0,-0.05,0,0.01,,0,0.05
286,Rocketship DC PCS,Charter,Elementary,Ward 8,Opened by 2016-17,,4%,0,,24%,0,,,,,,0.96,0.01,0,0.03,African American,,,,0.76,0.24,At-risk,,,2335 Raynolds Place SE,38.86,-76.97,441,1,0,0,0,12,12,70,337,9,0.76,1.01,,,,,,,,
436,Ron Brown College Preparatory High School,DCPS,High,Ward 7,Opened by 2016-17,,5%,0,,46%,1,,,,,,0.95,0.04,,0.01,African American,,,,0.54,0.46,At-risk,,,4800 MEADE STREET NE,38.91,-76.93,105,3,0,2,3,13,9,42,30,3,0.4,0.16,,,,,,,,
459,Roosevelt HS,DCPS,High,Ward 4,Open in both years,38%,46%,1,17%,35%,0,0.62,0.37,0.01,0,African American,0.54,0.45,0.01,0,African American,0.83,0.17,At-risk,0.65,0.35,At-risk,0.2,476,4301 13TH STREET NW,38.94,-77.03,667,113,3,0,368,78,19,40,34,12,0.55,0.47,0,0,-0.18,-0.08,0.07,0,0.08,0.18
173,Roots PCS,Charter,Elementary,Ward 4,Open in both years,1%,0%,0,41%,42%,0,0.99,0.01,0,0,African American,1,,,0,African American,0.41,0.59,Not at-risk,0.42,0.58,Not at-risk,,95,15 Kennedy Street NW,38.96,-77.01,118,10,1,0,46,29,4,15,10,3,0.39,0.63,0,0,0,0.01,,,-0.01,0
305,Ross ES,DCPS,Elementary,Ward 2,Open in both years,51%,53%,1,6%,,0,0.16,0.16,0.49,0.18,White,0.18,0.18,0.47,0.18,White,0.06,0.94,Not at-risk,,,.,0.74,166,1730 R STREET NW,38.91,-77.04,171,12,124,0,12,11,5,0,4,3,0.73,0.29,0,,,0.02,0.02,-0.02,0.02,
307,Savoy ES,DCPS,Elementary,Ward 8,Open in both years,1%,1%,0,18%,21%,0,0.99,,,0,African American,0.99,0.01,,0,African American,0.82,0.18,At-risk,0.79,0.21,At-risk,0.21,408,2400 SHANNON PLACE SE,38.86,-76.99,315,0,0,0,0,3,4,11,290,7,0.92,0.09,0,0,-0.03,0,,,0,0.03
175,School Within School at Goding,DCPS,Elementary,Ward 6,Open in both years,32%,31%,0,7%,4%,0,0.17,0.06,0.68,0.09,White,0.19,0.04,0.69,0.08,White,0.07,0.93,Not at-risk,0.04,0.96,Not at-risk,,248,920 F STREET NE,38.9,-76.99,307,1,0,3,3,28,231,22,9,10,0.75,0.76,0,0,-0.03,0.02,-0.02,0.01,-0.01,-0.03
409,School Without Walls at Francis Stevens,DCPS,Elementary/Middle,Ward 2,Open in both years,42%,50%,1,26%,18%,0,0.58,0.14,0.16,0.11,African American,0.5,0.15,0.22,0.14,African American,0.26,0.74,Not at-risk,0.18,0.82,Not at-risk,0.4,414,2425 N STREET NW,38.91,-77.05,471,34,157,18,37,43,47,77,54,4,0.33,0.47,0,0,-0.08,-0.08,0.01,0.06,0.08,-0.08
466,School Without Walls HS,DCPS,High,Ward 2,Open in both years,61%,58%,1,15%,12%,0,0.39,0.12,0.37,0.12,African American,0.33,0.13,0.42,0.12,White,0.15,0.85,Not at-risk,0.12,0.88,Not at-risk,,590,2130 G STREET NW,38.9,-77.05,584,57,24,135,97,80,92,57,38,4,0.04,0.23,1,0,-0.04,-0.06,0.01,0.05,-0.03,-0.04
309,Seaton ES,DCPS,Elementary,Ward 6,Open in both years,58%,60%,1,50%,43%,0,0.36,0.42,0.05,0.17,Latino,0.34,0.4,0.12,0.14,Latino,0.5,0.5,At-risk,0.43,0.57,Not at-risk,0.21,295,1503 10TH STREET NW,38.91,-77.02,341,40,65,4,27,67,105,9,17,7,0.31,0.19,0,1,-0.08,-0.02,-0.02,0.07,0.02,-0.07
174,SEED PCS of Washington DC,Charter,Middle/High,Ward 7,Open in both years,1%,1%,0,49%,36%,0,0.99,,0,0,African American,0.99,0.01,,0.01,African American,0.51,0.49,At-risk,0.64,0.36,At-risk,,336,4300 C Street SE,38.89,-76.95,361,8,1,0,10,28,42,143,127,2,0.4,0.53,0,0,0.13,0,,,0,-0.13
197,Sela PCS,Charter,Elementary,Ward 4,Open in both years,26%,29%,0,28%,21%,0,0.74,0.06,0.15,0.04,African American,0.71,0.08,0.19,0.03,African American,0.28,0.72,Not at-risk,0.21,0.79,Not at-risk,,86,6015 Chillum Place NE,38.96,-77.01,177,17,1,5,63,54,8,21,8,0,0.36,0.82,0,0,-0.06,-0.03,0.02,0.04,0.03,-0.06
313,Shepherd ES,DCPS,Elementary,Ward 4,Open in both years,22%,27%,0,19%,13%,0,0.78,0.08,0.09,0.04,African American,0.73,0.07,0.13,0.06,African American,0.19,0.81,Not at-risk,0.13,0.87,Not at-risk,0.46,318,7800 14TH STREET NW,38.98,-77.03,360,17,0,1,313,16,0,6,6,1,0.87,0.65,0,0,-0.05,-0.05,-0.01,0.04,0.05,-0.05
3066,Shining Stars Montessori Academy PCS,Charter,Elementary,Ward 5,Open in both years,61%,53%,1,17%,19%,0,0.39,0.12,0.29,0.18,African American,0.47,0.12,0.27,0.14,African American,0.17,0.83,Not at-risk,0.19,0.81,Not at-risk,,118,1240 Randolph Street NE,38.94,-76.99,203,18,3,3,73,69,6,25,6,0,0.34,0.46,0,0,0.02,0.08,0,-0.02,-0.08,0.02
315,Simon ES,DCPS,Elementary,Ward 8,Open in both years,1%,2%,0,23%,30%,0,0.99,0.01,0,0,African American,0.98,0.02,0,0,African American,0.77,0.23,At-risk,0.7,0.3,At-risk,0.16,293,401 MISSISSIPPI AVENUE SE,38.84,-77,276,0,0,0,0,4,4,8,257,3,0.93,0.91,0,0,-0.08,-0.01,0.01,0,0.01,0.08
322,Smothers ES,DCPS,Elementary,Ward 7,Open in both years,4%,10%,0,26%,23%,0,0.96,0.03,,0,African American,0.9,0.08,0,0.01,African American,0.74,0.26,At-risk,0.77,0.23,At-risk,0.16,275,4400 BROOKS STREET NE,38.89,-76.94,253,0,0,0,0,1,1,227,8,16,0.9,0.23,0,0,0.03,-0.06,0.05,,0.06,-0.03
187,Somerset Preparatory Academy PCS,Charter,Middle/High,Ward 8,Open in both years,0%,1%,0,33%,21%,0,1,0,0,0,African American,0.99,0,,0.01,African American,0.67,0.33,At-risk,0.79,0.21,At-risk,,240,3301 Wheeler Road SE,38.84,-76.99,324,0,0,0,0,3,1,18,292,10,0.9,0.41,0,0,0.13,-0.01,0,,0.01,-0.13
427,Sousa MS,DCPS,Middle,Ward 7,Open in both years,1%,2%,0,26%,31%,0,0.99,0.01,0,0,African American,0.98,0.02,,0,African American,0.74,0.26,At-risk,0.69,0.31,At-risk,0.19,284,3650 ELY PLACE SE,38.88,-76.95,255,1,0,0,1,4,4,203,37,5,0.8,0.96,0,0,-0.05,-0.01,0.01,,0.01,0.05
319,Stanton ES,DCPS,Elementary,Ward 8,Open in both years,3%,3%,0,13%,15%,0,0.97,0.03,,0,African American,0.97,0.03,,0,African American,0.87,0.13,At-risk,0.85,0.15,At-risk,0.3,578,2701 NAYLOR ROAD SE,38.86,-76.97,520,2,4,0,0,5,3,51,430,25,0.83,0.85,0,0,-0.02,0,0,,0,0.02
321,Stoddert ES,DCPS,Elementary,Ward 3,Open in both years,34%,35%,0,4%,4%,0,0.13,0.1,0.66,0.12,White,0.09,0.15,0.65,0.11,White,0.04,0.96,Not at-risk,0.04,0.96,Not at-risk,0.86,418,4001 CALVERT STREET NW,38.92,-77.08,435,7,44,348,10,4,0,8,2,12,0.8,1.41,0,0,0,-0.04,0.05,-0.01,0.01,0
428,Stuart Hobson MS Capitol Hill Cluster,DCPS,Middle,Ward 6,Open in both years,13%,16%,0,34%,27%,0,0.87,0.03,0.09,0,African American,0.84,0.03,0.11,0.02,African American,0.34,0.66,Not at-risk,0.27,0.73,Not at-risk,0.38,423,410 E STREET NE,38.9,-77,431,4,1,0,10,49,173,112,72,10,0.4,0.4,0,0,-0.06,-0.03,0,0.02,0.03,-0.06
324,Takoma EC,DCPS,Elementary/Middle,Ward 4,Open in both years,40%,41%,1,43%,44%,1,0.6,0.3,0.03,0.06,African American,0.59,0.32,0.05,0.04,African American,0.43,0.57,Not at-risk,0.44,0.56,Not at-risk,0.33,442,7010 PINEY BRANCH ROAD NW,38.98,-77.02,468,16,1,0,381,32,7,11,14,6,0.81,0.29,0,0,0.01,-0.01,0.02,0.02,0.01,0.01
255,The Children's Guild PCS,Charter,Elementary/Middle,Ward 5,Opened by 2016-17,,2%,0,,20%,0,,,,,,0.98,0.01,0,0,African American,,,,0.8,0.2,At-risk,,,2146 24th Place NE,38.92,-76.97,342,7,0,0,9,84,20,111,106,5,0.25,1.29,,,,,,,,
325,Thomas ES,DCPS,Elementary,Ward 7,Open in both years,2%,4%,0,28%,28%,0,0.98,0.02,,0,African American,0.96,0.02,0.01,0.01,African American,0.72,0.28,At-risk,0.72,0.28,At-risk,0.25,408,650 ANACOSTIA AVENUE NE,38.9,-76.95,409,0,1,0,1,9,4,355,29,10,0.87,0.31,0,0,0,-0.02,0,,0.02,0
326,Thomson ES,DCPS,Elementary,Ward 2,Open in both years,43%,49%,1,46%,42%,0,0.18,0.57,0.03,0.2,Latino,0.27,0.51,0.05,0.17,Latino,0.46,0.54,Not at-risk,0.42,0.58,Not at-risk,0.45,272,1200 L STREET NW,38.9,-77.03,313,21,164,0,12,24,66,6,18,2,0.52,0.27,0,0,-0.04,0.09,-0.06,0.02,0.06,-0.04
191,Thurgood Marshall Academy PCS,Charter,High,Ward 8,Open in both years,1%,2%,0,45%,43%,0,0.99,,0,0,African American,0.98,0.01,0,0,African American,0.55,0.45,At-risk,0.57,0.43,At-risk,,395,2427 Martin Luther King Jr Avenue SE,38.86,-76.99,388,6,1,0,7,26,31,76,234,7,0.6,0.07,0,0,0.02,-0.01,,0,0.01,-0.02
183,Tree of Life Community PCS,Charter,Elementary/Middle,,Closed after 2014-15,,,0,35%,,,,,,,,,,,,,0.65,0.35,At-risk,,,,,,,,,,,,,,,,,,,,,,,,,,,,
327,Truesdell EC,DCPS,Elementary/Middle,Ward 4,Open in both years,35%,33%,0,45%,45%,1,0.31,0.65,0.01,0.02,Latino,0.3,0.67,0.01,0.02,Latino,0.55,0.45,At-risk,0.55,0.45,At-risk,0.29,526,800 INGRAHAM STREET NW,38.95,-77.03,679,7,0,3,614,40,1,3,5,6,0.9,1.16,0,0,0,-0.01,0.02,0,-0.02,0
328,Tubman ES,DCPS,Elementary,Ward 1,Open in both years,52%,47%,1,39%,47%,1,0.48,0.48,0.01,0.02,Latino,0.4,0.53,0.04,0.03,Latino,0.61,0.39,At-risk,0.53,0.47,At-risk,0.32,498,3101 13TH STREET NW,38.93,-77.03,542,451,2,0,47,15,5,9,8,5,0.83,0.16,0,0,-0.07,-0.08,0.05,0.03,-0.05,0.07
329,Turner ES,DCPS,Elementary,Ward 8,Open in both years,3%,2%,0,15%,17%,0,0.97,0.02,,0,African American,0.98,0.01,0,0.01,African American,0.85,0.15,At-risk,0.83,0.17,At-risk,0.25,392,3264 STANTON ROAD SE,38.85,-76.98,484,1,0,0,1,6,8,19,436,13,0.9,0.43,0,0,-0.02,0.01,-0.01,,-0.01,0.02
198,Two Rivers PCS 4th St,Charter,Elementary/Middle,Ward 6,Open in both years,38%,37%,0,24%,23%,0,0.62,0.1,0.25,0.02,African American,0.63,0.09,0.22,0.06,African American,0.24,0.76,Not at-risk,0.23,0.77,Not at-risk,,518,1234 4th Street NE,38.91,-77,527,14,3,0,26,141,140,130,69,4,0.27,0.16,0,0,-0.02,0.01,-0.01,-0.03,-0.01,-0.02
270,Two Rivers PCS Young,Charter,Elementary,Ward 5,Opened by 2016-17,,41%,1,,19%,0,,,,,,0.59,0.07,0.26,0.08,African American,,,,0.19,0.81,Not at-risk,,,820 26th Street NE,38.9,-76.97,226,2,1,0,3,71,60,62,27,0,0.31,0.94,,,,,,,,
330,Tyler ES,DCPS,Elementary,Ward 6,Open in both years,24%,28%,0,46%,33%,0,0.76,0.1,0.12,0.01,African American,0.72,0.11,0.14,0.04,African American,0.46,0.54,Not at-risk,0.33,0.67,Not at-risk,0.46,522,1001 G STREET SE,38.88,-76.99,514,3,1,0,8,23,250,125,104,0,0.49,0.3,0,0,-0.13,-0.04,0.01,0.02,0.04,-0.13
331,Van Ness ES,DCPS,Elementary,Ward 6,Opened by 2016-17,,51%,1,,20%,0,,,,,,0.49,0.08,0.35,0.08,African American,,,,0.2,0.8,Not at-risk,0.24,,1150 5TH STREET SE,38.88,-77,171,1,0,0,2,7,134,7,17,3,0.78,0.28,,,,,,,,
332,Walker Jones EC,DCPS,Elementary/Middle,Ward 6,Open in both years,6%,7%,0,25%,25%,0,0.94,0.03,0.02,0,African American,0.93,0.05,0.01,0.02,African American,0.75,0.25,At-risk,0.75,0.25,At-risk,0.3,465,1125 NEW JERSEY AVENUE NW,38.9,-77.01,451,6,2,3,13,38,308,26,46,9,0.68,0.45,0,0,0.01,-0.01,0.02,-0.01,0.01,-0.01
263,Washington Global PCS,Charter,Middle,Ward 6,Opened by 2016-17,,3%,0,,43%,0,,,,,,0.97,0.02,0.01,0,African American,,,,0.57,0.43,At-risk,,,525 School Street SW,38.88,-77.02,174,4,2,1,5,5,34,29,94,0,0.2,0.08,,,,,,,,
125,Washington Latin PCS Middle School,Charter,Middle,Ward 4,Open in both years,45%,56%,1,4%,3%,0,0.37,0,0.55,0.07,White,0.37,0.1,0.44,0.1,White,0.04,0.96,Not at-risk,0.03,0.97,Not at-risk,,366,5200 2nd Street NW,38.95,-77.01,362,24,10,48,83,41,113,27,15,1,0.23,0.62,0,0,-0.01,0,0.1,-0.11,0.11,-0.01
1118,Washington Latin PCS Upper School,Charter,High,Ward 4,Open in both years,42%,49%,1,23%,15%,0,0.58,0,0.36,0.06,African American,0.51,0.13,0.32,0.05,African American,0.23,0.77,Not at-risk,0.15,0.85,Not at-risk,,304,5200 2nd Street NW,38.95,-77.01,335,24,10,45,87,70,62,22,15,0,0.26,0.62,0,0,-0.08,-0.07,0.13,-0.04,0.07,-0.08
283,Washington Leadership Academy PCS,Charter,High,Ward 5,Opened by 2016-17,,14%,0,,45%,1,,,,,,0.86,0.14,0.01,0,African American,,,,0.55,0.45,At-risk,,,3015 4th Street NE,38.93,-77,110,5,4,0,14,33,11,18,25,0,0.3,0.45,,,,,,,,
178,Washington Mathematics Science Technology PCHS,Charter,High,Ward 5,Open in both years,2%,1%,0,34%,31%,0,0.98,0.01,,0,African American,0.99,0.01,0,0,African American,0.66,0.34,At-risk,0.69,0.31,At-risk,,335,1920 Bladensburg Road NE,38.92,-76.97,277,4,0,1,14,114,14,69,56,5,0.41,1.23,0,0,0.03,0.01,0,,-0.01,-0.03
1117,Washington Yu Ying PCS,Charter,Elementary,Ward 5,Open in both years,63%,64%,1,4%,4%,0,0.37,0.06,0.29,0.28,African American,0.36,0.05,0.3,0.29,African American,0.04,0.96,Not at-risk,0.04,0.96,Not at-risk,,528,220 Taylor Street NE,38.94,-77,571,45,11,18,162,199,82,38,16,0,0.35,0.69,0,0,0,-0.01,-0.01,0.01,0.01,0
333,Watkins ES Capitol Hill Cluster,DCPS,Elementary,Ward 6,Open in both years,26%,32%,0,20%,20%,0,0.74,0.02,0.2,0.03,African American,0.68,0.06,0.21,0.05,African American,0.2,0.8,Not at-risk,0.2,0.8,Not at-risk,,500,420 12TH STREET SE,38.88,-76.99,436,4,0,0,9,35,198,113,63,14,0.45,0.32,0,0,0,-0.06,0.04,0.01,0.06,0
336,West EC,DCPS,Elementary/Middle,Ward 4,Open in both years,45%,47%,1,42%,37%,0,0.55,0.35,0.08,0.02,African American,0.53,0.34,0.08,0.06,African American,0.42,0.58,Not at-risk,0.37,0.63,Not at-risk,0.19,267,1338 FARRAGUT STREET NW,38.95,-77.03,315,17,0,2,263,7,3,4,7,12,0.83,1.07,0,0,-0.04,-0.02,-0.01,0,0.02,-0.04
335,Wheatley EC,DCPS,Elementary/Middle,Ward 5,Open in both years,5%,10%,0,21%,24%,0,0.95,0.03,,0.02,African American,0.9,0.07,0,0.02,African American,0.79,0.21,At-risk,0.76,0.24,At-risk,0.2,463,1299 NEAL STREET NE,38.9,-76.99,321,2,0,0,3,242,9,46,15,4,0.75,0.83,0,0,-0.03,-0.05,0.04,,0.05,0.03
338,Whittier EC,DCPS,Elementary/Middle,Ward 4,Open in both years,21%,24%,0,39%,46%,1,0.79,0.17,,0.02,African American,0.76,0.21,0.01,0.03,African American,0.61,0.39,At-risk,0.54,0.46,At-risk,0.16,350,6201 5TH STREET NW,38.97,-77.02,341,9,1,1,289,14,0,8,10,9,0.85,0.65,0,0,-0.07,-0.03,0.04,,0.03,0.07
463,Wilson HS,DCPS,High,Ward 3,Open in both years,57%,65%,1,31%,24%,0,0.43,0.2,0.25,0.11,African American,0.35,0.23,0.31,0.12,African American,0.31,0.69,Not at-risk,0.24,0.76,Not at-risk,0.68,1788,3950 CHESAPEAKE STREET NW,38.95,-77.08,1749,251,49,586,471,120,81,75,94,22,0.34,0.17,0,0,-0.07,-0.08,0.03,0.06,0.08,-0.07
464,Woodson H D HS,DCPS,High,Ward 7,Open in both years,0%,2%,0,22%,32%,0,1,,,0,African American,0.98,0.01,0,0,African American,0.78,0.22,At-risk,0.68,0.32,At-risk,0.19,639,540 55TH STREET NE,38.9,-76.92,634,2,0,0,4,20,4,517,75,12,0.82,0.72,0,0,-0.1,-0.02,,,0.02,0.1